Scenario number, Average happiness, Agent competitivness
1,0.00596477552838,0.449508925996
2,0.0039259449735,0.0
3,0.00590449582179,0.377143370426
